Algorithm,Approved States,Memory (MB),Map Level,Time (s),Count Push Box,Count Move
Euclidean Distance Heuristic,664,63.82421875,1,0.2808387279510498,134,82
Manhattan Distance Heuristic,472,64.34765625,1,0.04499506950378418,92,92
Breadth First Search,1032,64.80078125,1,0.11493968963623047,199,70
Depth First Search,318,64.8046875,1,0.035627126693725586,50,82
Greedy Best First Search,664,64.75390625,1,0.1468949317932129,134,82
Depth Limited Search,318,64.796875,1,0.030981063842773438,50,82
Uniform Cost Search,1103,64.88671875,1,0.09914922714233398,210,70
